basic_acolytes_staff,acolytes-staff
basic_apprentices_robe,apprentices-robe
basic_axe_of_the_malphai,axe-of-the-malphai
basic_beastheart,beastheart
basic_blessed_armband,blessed-armband
basic_bottle,bottle-1
icon_1,bottle-2
icon_3,bottle-4
icon_powerup_damage,bottle-damage
icon_powerup_illusion,bottle-illusion
icon_powerup_regen,bottle-regen
icon_powerup_speed,bottle-speed
icon_powerup_stealth,bottle-stealth
icon_powerup_mega,bottle-super
basic_bound_eye,bound-eye
basic_brain_of_maliken,brain-of-maliken
basic_broadsword,broadsword
basic_cheese,cheese
basic_confluence,confluence
couriers_bernard,courier-bernard
couriers_bernard_fly,courier-bernard-fly
couriers_cat,courier-cat
couriers_caterpillar,courier-caterpillar
couriers_caterpillar_fly,courier-caterpillar-fly
couriers_cat_fly,courier-cat-fly
couriers_chicken,courier-chicken
couriers_chicken_fly,courier-chicken-fly
couriers_dino,courier-dino
couriers_dino_fly,courier-dino-fly
couriers_dragon,courier-dragon
couriers_dragon_fly,courier-dragon-fly
couriers_garena,courier-garena
couriers_garena_fly,courier-garena-fly
couriers_goblin,courier-goblin
couriers_goblin_fly,courier-goblin-fly
couriers_hamster,courier-hamster
couriers_hamster_fly,courier-hamster-fly
couriers_honeybadger,courier-honeybadger
couriers_honeybadger_fly,courier-honeybadger-fly
couriers_izbushka,courier-izbushka
couriers_izbushka_fly,courier-izbushka-fly
couriers_kongor,courier-kongor
couriers_kongor_fly,courier-kongor-fly
couriers_panda,courier-panda
couriers_panda_fly,courier-panda-fly
couriers_penguin,courier-penguin
couriers_penguin_fly,courier-penguin-fly
couriers_pig,courier-pig
couriers_pig_fly,courier-pig-fly
couriers_rat,courier-rat
couriers_rat_fly,courier-rat-fly
couriers_robot,courier-robot
couriers_turkey,courier-turkey
couriers_turkey_fly,courier-turkey-fly
couriers_ufo,courier-ufo
basic_crushing_claws,crushing-claws
basic_duck_boots,duck-boots
basic_dust_of_revelation,dust-of-revelation
basic_flaming_eye,flaming-eye
basic_fleetfeet,fleetfeet
basic_fortunas_dice,fortunas-dice
basic_gloves_of_haste,gloves-of-haste
basic_glowstone,glowstone
basic_ground_familiar,ground-familiar
basic_guardian_ring,guardian-ring
basic_health_potion,health-potion
basic_helm_of_the_victim,helm-of-the-victim
basic_homecoming_stone,homecoming-stone
basic_hungry_spirit,hungry-spirit
icon1,icon1
icon_int,intelligence
basic_ioyn_stone,ioyn-stone-damage
icon_haste,ioyn-stone-haste
icon_illusion,ioyn-stone-illusion
icon_refresh,ioyn-stone-refresh
icon_regen,ioyn-stone-regen
icon_stealth,ioyn-stone-stealth
icon_empty,ioyn-stone-uncharged
basic_iron_buckler,iron-buckler
basic_lifetube,lifetube
basic_loggers_hatchet,loggers-hatchet
basic_major_totem,major-totem
basic_mana_battery,mana-battery
basic_mana_eye,mana-eye
basic_mana_potion,mana-potion
basic_manatube,manatube
basic_marchers,marchers
basic_mark_of_the_novice,mark-of-the-novice
basic_mighty_blade,mighty-blade
basic_minor_totem,minor-totem
basic_mystic_vestments,mystic-vestments
basic_neophytes_book,neophytes-book
basic_platemail,platemail
basic_portal_key,portal-key
powerups_damage,powerup-damage
powerups_illusion,powerup-illusion
powerups_invisible,powerup-invisible
powerups_refresh,powerup-refresh
powerups_regeneration,powerup-regeneration
powerups_speed,powerup-speed
powerups_super,powerup-super
basic_pretenders_crown,pretenders-crown
basic_punchdagger,punchdagger
basic_quickblade,quickblade
recipes_abyssal_skull,recipe-abyssal-skull
recipes_alchemists_bones,recipe-alchemists-bones
recipes_astrolabe,recipe-astrolabe
recipes_barrier_idol,recipe-barrier-idol
recipes_behemoths_heart,recipe-behemoths-heart
recipes_blood_chalice,recipe-blood-chalice
recipes_brutalizer,recipe-brutalizer
recipes_charged_hammer,recipe-charged-hammer
recipes_codex,recipe-codex
recipes_daemonic_breastplate,recipe-daemonic-breastplate
recipes_dawnbringer,recipe-dawnbringer
recipes_doomshards,recipe-doomshards
recipes_elder_parasite,recipe-elder-parasite
recipes_energizer,recipe-energizer
recipes_enhanced_marchers,recipe-enhanced-marchers
recipes_excrutiator,recipe-excrutiator
recipes_executioner,recipe-executioner
recipes_flenser,recipe-flenser
recipes_flying_courier,recipe-flying-courier-
recipes_frostfield_plate,recipe-frostfield-plate
recipes_frozenlight,recipe-frozenlight
recipes_geometers_bane,recipe-geometers-bane
recipes_grave_locket,recipe-grave-locket
recipes_great_arcana,recipe-great-arcana
recipes_great_sacrifice,recipe-great-sacrifice
recipes_grimoire_of_power,recipe-grimoire-of-power
recipes_hack_and_slash,recipe-hack-and-slash
recipes_harkons_blade,recipe-harkons-blade
recipes_hellflower,recipe-hellflower
recipes_helm_of_the_black_legion,recipe-helm-of-the-black-legion
recipes_insanitarius,recipe-insanitarius
recipes_iron_shield,recipe-iron-shield
recipes_lex_talionis,recipe-lex-talionis
recipes_lightbrand,recipe-lightbrand
recipes_mystic_potpourri,recipe-mystic-potpourri
recipes_nomes_wisdom,recipe-nomes-wisdom
recipes_nullfire_blade,recipe-nullfire-blade
recipes_null_stone,recipe-null-stone
recipes_icon_of_the_goddess,recipe-of-the-goddess
recipes_pandaemonium,recipe-pandaemonium
recipes_plated_greaves,recipe-plated-greaves
recipes_pneumatic_bracelet,recipe-pneumatic-bracelet
recipes_post_haste,recipe-post-haste
recipes_power_supply,recipe-power-supply
recipes_push_staff,recipe-push-staff
recipes_puzzlebox,recipe-puzzlebox
recipes_restoration_stone,recipe-restoration-stone
recipes_ring_of_sorcery,recipe-ring-of-sorcery
recipes_ring_of_the_teacher,recipe-ring-of-the-teacher
recipes_runed_axe,recipe-runed-axe
recipes_sasuke,recipe-sasuke
recipes_savage_axe,recipe-savage-axe
recipes_searinglight,recipe-searinglight
recipes_shamans_headdress,recipe-shamans-headdress
recipes_shieldbreaker,recipe-shieldbreaker
recipes_shield_of_the_five,recipe-shield-of-the-five
recipes_shroud_of_the_assasin,recipe-shroud-of-the-assasin
recipes_shrunken_head,recipe-shrunken-head
recipes_sicarius,recipe-sicarius
recipes_sols_bulwark,recipe-sols-bulwark
recipes_soulscream,recipe-soulscream
recipes_spellshards,recipe-spellshards
recipes_spell_sunder,recipe-spell-sunder
recipes_staff_of_the_master,recipe-staff-of-the-master
recipes_steamboots,recipe-steamboots
recipes_stormspirit,recipe-stormspirit
recipes_striders,recipe-striders
recipes_sustainer,recipe-sustainer
recipes_symbol_of_rage,recipe-symbol-of-rage
recipes_talisman_of_exile,recipe-talisman-of-exile
recipes_thunderclaw,recipe-thunderclaw
recipes_torgashs_mock,recipe-torgashs-mock
recipes_totem_of_kuldra,recipe-totem-of-kuldra
recipes_whispering_helm,recipe-whispering-helm
recipes_wingbow,recipe-wingbow
recipes_wolf_of_the_wilds,recipe-wolf-of-the-wilds
basic_ringmail,ringmail
basic_runes_of_the_blight,runes-of-the-blight
icon_b,sacrificial-stone
basic_scarab,scarab
basic_snake_bracelet,snake-bracelet
icon_2,sols-bulwark-2
basic_steamstaff,steamstaff
icon_str,strength
basic_sword_of_the_high,sword-of-the-high
basic_token_of_life,token-of-life
basic_tokenofsight,tokenofsight
basic_tokenofstealth,tokenofstealth
basic_trinket_of_restoration,trinket-of-restoration
basic_veiled_rot,veiled-rot
basic_void_talisman,void-talisman
basic_voulge,voulge
basic_warhammer,warhammer
basic_warpcleft,warpcleft
basic_wingbow,wingbow
flying_courier_ability_01,courier-flying-q
puzzlebox_necro_ranged,puzzlebox-wizard
puzzlebox_necro_melee,puzzlebox-mauler
necro_ranged_ability_02,puzzlebox-wizard-w
necro_ranged_ability_01,puzzlebox-wizard-q
necro_melee_ability_03,puzzlebox-mauler-e
necro_melee_ability_02,puzzlebox-mauler-w
necro_melee_ability_01,puzzlebox-mauler-q
ground_familiar_ability_04,courier-r
ground_familiar_ability_03,courier-e
flying_courier_ability_04,courier-flying-r
flying_courier_ability_03,courier-flying-e
flying_courier_ability_02,courier-flying-w
